{
    "pre_training": {
        "mu": {
            "left": [
                -0.9387178541461987,
                0.6355522599942381,
                0.7221051211768216,
                0.6788990503190278,
                -0.1637888472815343,
                -0.4430562015258497,
                -0.8083180552702284,
                0.2288079635606469,
                0.6218122056311242,
                0.7191800288291277,
                0.1710306915271399,
                -0.0784296186439632,
                -1.2675046481270544,
                -0.10007532243972206,
                0.5098475134439762,
                -0.3607200585582698
            ],
            "right": [
                0.836005638488728,
                0.534100885508721,
                0.5379541877114106,
                0.3452048940301799,
                0.3435791174128876,
                0.803980196990268,
                -0.4933270816342762,
                -0.025629353005935523,
                -0.14582355245558978,
                -0.24502740938867187,
                -0.3290365425092785,
                0.19826734324607037,
                -1.6727138555738352,
                -0.46011658706779096,
                -0.6506643863726023,
                -0.3073920729683904
            ]
        },
        "beta": {
            "left": [
                -4.204186090272315,
                -2.385545097422668,
                -1.7847945455642988,
                -2.4649241296982956,
                -4.636525640853685,
                -0.8759632936433084,
                -4.537507089659334,
                -1.856320703111341,
                -1.2200932159935594,
                -1.8359130356407265,
                -3.3578279636675417,
                -3.132995269726177,
                -2.719109081676226,
                -2.883242639747058,
                -1.6854892843096376,
                -2.501737930588442
            ],
            "right": [
                -1.9218409775781464,
                -2.1022439061467275,
                -1.4765639169641283,
                -1.4232843323285915,
                -4.938280409832218,
                -0.7498763967502138,
                -4.59912614816612,
                -2.12461822834252,
                -1.64558356533985,
                -1.4581187458771088,
                -1.7427978987927661,
                -1.982364082775039,
                -2.519748627225775,
                -2.3412464191702376,
                -1.209223882933105,
                -1.340079374819554
            ]
        }
    },
    "pre_test": {
        "mu": {
            "left": [
                0.43877901684001636,
                0.13834857759658462,
                0.1232291308520795,
                0.20867882650437825,
                -1.226417841394606,
                0.6656447551831453,
                -0.37546519483517515,
                0.582659734177014,
                0.30867196461683444,
                0.2265604318562611,
                -0.5291720833624873,
                -0.5523702298826163,
                0.47977303049452247,
                0.1885750570692832,
                0.2147717400674014,
                0.3078827373569723
            ],
            "right": [
                -0.029111427499631158,
                -0.4197471753586959,
                0.07829155429964874,
                0.4659379303165994,
                1.24432372473763,
                -0.25210027516864986,
                -0.9311848645103082,
                -0.2050805700812076,
                0.47352506710891307,
                0.8010978302352332,
                0.6984634809546036,
                0.8903043711248766,
                -0.47650149913108897,
                -0.6640998539513479,
                0.5972448897369296,
                0.4149510383533967
            ]
        },
        "beta": {
            "left": [
                -3.3162902749688645,
                -2.3249690748559773,
                -2.546558666146337,
                -3.0358510892719566,
                -8.269516978266596,
                -2.7761343036407222,
                -4.999766695390973,
                -2.3935244427438676,
                -2.0888855310103875,
                -2.567684052643365,
                -4.352017038522552,
                -3.362361529786147,
                -1.8616286449868038,
                -4.140687822448993,
                -1.9648282641346515,
                -2.073904169498361
            ],
            "right": [
                0.24330190153349857,
                -0.6145630616491407,
                -0.8450913104240965,
                -0.4891410800921117,
                -0.719220503728098,
                -0.6103138900938289,
                -1.1239351490891993,
                -0.9975508041823233,
                -1.000445604414172,
                -0.7554477559616708,
                -0.9646830185988611,
                -0.6099669431421341,
                -0.32476590152051504,
                -0.5806395231139585,
                -0.5053973283792088,
                -0.4901939250175052
            ]
        }
    },
    "post_training": {
        "mu": {
            "left": [
                -0.3865105172229326,
                -0.3373281011944581,
                -1.3414014183961762,
                0.8474164736265024,
                0.2753224566290179,
                0.1097074715387572,
                0.11456453333998978,
                -0.438904483994645,
                -1.0284833491321401,
                -1.4747656977907746,
                0.3059012569188102,
                0.19082950235433194,
                0.06691376868301611,
                -0.08057718865172095,
                -0.40526462407059605,
                -0.02866367444425928
            ],
            "right": [
                -1.7087665267824974,
                -1.3048730323359858,
                -1.5560352961509418,
                -0.9364456688906225,
                -1.5168526391190242,
                -1.4978522757932349,
                -1.431808259556633,
                -1.4115714101166341,
                -1.1723277177714326,
                -0.5705217261330695,
                -1.7312655857146242,
                -1.830117313092352,
                -1.5354657830562584,
                -1.3698408371002544,
                -1.0937118092591418,
                -1.6707864935558592
            ]
        },
        "beta": {
            "left": [
                -0.9245577113446928,
                -0.6217272609004929,
                -1.4803651528462285,
                -0.8517532985259046,
                -0.8105637074080623,
                -0.5591311940714094,
                -0.4553131799331438,
                -0.9420811228205371,
                -1.4649326575066046,
                -2.321217963424354,
                -0.7388999832278547,
                -0.5265910042134893,
                -0.7609122352892933,
                -1.029925282808989,
                -1.408447665915102,
                -0.7842727181016368
            ],
            "right": [
                -1.4355686502389413,
                -1.3610052191864082,
                -0.468361885392313,
                -0.521171954526355,
                -1.4399093187484377,
                -1.6186159539785636,
                -1.5648842279064314,
                -1.4543227597796782,
                -0.3839537552481518,
                0.9763340613149065,
                -1.2487894839860378,
                -1.7524331999256075,
                -1.724494741471595,
                -1.584850588542024,
                -1.03364295050893,
                -1.5665302740959341
            ]
        }
    },