{
    "pre_training": {
        "mu": {
            "left": [
                -0.0025712862265109965,
                0.8767262031431378,
                1.1524931424742153,
                1.155743214381425,
                -0.9696843414815653,
                0.9929964667465825,
                0.6380136865985507,
                0.8027635451025074,
                1.0405875154604738,
                1.2076325165401802,
                0.8467749619666792,
                0.25369772738259555,
                0.40215837122576975,
                0.3970735321754601,
                0.5874940752286052,
                0.25001364038864554
            ],
            "right": [
                1.2025996990657217,
                1.278371892332797,
                1.1878930309348465,
                1.102875847652409,
                1.0312156640322712,
                0.8561454571391365,
                0.6894233593797977,
                0.6955166341661307,
                1.1261242855032951,
                0.9329604713416353,
                0.33054788712455163,
                0.7622558185821446,
                0.5582283347013394,
                0.37181123272758876,
                0.2143601606751479,
                -0.2472881757514061
            ]
        },
        "beta": {
            "left": [
                -4.213330189543062,
                -1.3527812455498953,
                -1.0775915759286798,
                -1.138594970245148,
                -3.575202935965,
                -1.1494311545221103,
                -1.7287519890974825,
                -1.6178136570126436,
                -1.4303244006296623,
                -1.2134110435297862,
                -1.215638875387342,
                -1.8504922154734313,
                -1.187142051019172,
                -1.5804470822324799,
                -0.9890819255989709,
                -0.9528944016690559
            ],
            "right": [
                -0.9196452145388614,
                0.5179221235177925,
                0.2094239875381618,
                0.3582887187549955,
                -1.0236613825135894,
                -0.09168395803642225,
                -0.6567127952731351,
                -0.6024429735832166,
                0.08781137081568988,
                0.3464864940868007,
                0.25031400276226573,
                -0.18887314590442056,
                -0.5575094923615177,
                -0.6565387675416295,
                0.27218881719992993,
                -0.15713943395192068
            ]
        }
    },
    "pre_test": {
        "mu": {
            "left": [
                0.844929811911372,
                0.8468520064438654,
                1.07844607964293,
                0.8696116975978792,
                0.5783575944676054,
                1.263965812157465,
                0.7307275031747869,
                0.8266510666629681,
                0.7901540591239267,
                0.8661720910389137,
                0.6831041005012671,
                0.8084245319738512,
                1.1779816068850497,
                0.637764391659174,
                0.7579376776599369,
                1.1090297782713883
            ],
            "right": [
                0.2732675182122963,
                0.2629572486188608,
                0.4081111585523469,
                0.48426860098595265,
                0.8386458074689386,
                1.2814927274997037,
                0.2828494895295691,
                0.19735998944606764,
                0.39926998723665164,
                0.9765038755985986,
                0.5732087721112471,
                0.7319077870024983,
                0.9117146872660707,
                -0.2512888257237317,
                0.027502898002329863,
                0.20822107388657396
            ]
        },
        "beta": {
            "left": [
                -1.3820591746938122,
                -1.2226019656728824,
                -1.4044717132482611,
                -0.37928817093257355,
                -1.8360494046287572,
                -1.1689091856285154,
                -1.6597400458045284,
                -1.724387881188837,
                -1.7429669073858858,
                -0.6264800899464367,
                -0.43498670996906874,
                -0.7164527271518186,
                -1.14096562967016,
                -1.3900707394016918,
                -0.3087381487952642,
                -0.012323628240770433
            ],
            "right": [
                -2.7072599021151933,
                -0.29369789076515285,
                0.26000106003992857,
                0.6147676375895801,
                0.02961110260602514,
                -0.09886999539461981,
                -0.4758203211348216,
                -0.5160400217556724,
                -0.14437272875882323,
                0.8033899890745386,
                0.9591257177569161,
                0.9215748984244777,
                -0.2412179445112756,
                -0.3306920716202421,
                0.3386066164571362,
                0.6478413221565984
            ]
        }
    },
    "post_training": {
        "mu": {
            "left": [
                1.1280326394645934,
                0.7126196720848157,
                0.767447077085162,
                0.8474482481077127,
                1.7882676576214418,
                1.0809621829911096,
                0.6215990705025902,
                0.46486120381535945,
                0.6437481369762867,
                0.8457755128243274,
                0.4295012381320813,
                0.6573088435664637,
                0.7677376495311441,
                0.37686170123046364,
                0.5100669934412428,
                0.7099258274920527
            ],
            "right": [
                0.8868854467559215,
                0.8914800888833929,
                0.8576225375957511,
                1.0675955326327324,
                2.080156163307541,
                1.0310165467969408,
                0.8907956433661195,
                0.8827373400139765,
                0.9114147842317362,
                0.9586302019466837,
                0.653967259833607,
                0.9939667432752259,
                0.6109709174337209,
                0.7171066271571819,
                0.33607591389278924,
                0.27842558051273847
            ]
        },
        "beta": {
            "left": [
                0.24011773723675672,
                -0.3042666330982443,
                0.0426962869898183,
                0.2751045264481589,
                -4.379683385170321,
                -0.22355667278574157,
                -0.33828258726052096,
                -0.43949887956261086,
                -0.5370098261936896,
                0.10878563046542264,
                -0.25900154657658886,
                -0.1673462956746028,
                -0.9078992840454158,
                -0.7915086707211972,
                -0.22638206810403474,
                -0.21025604326667283
            ],
            "right": [
                0.8674418513892888,
                -0.36968693483003906,
                -0.11805324450196199,
                0.46534356251041104,
                -4.570842489514008,
                0.041982382110733824,
                -0.57347147896074,
                -0.5338160085148134,
                -0.43161205359305765,
                0.38431453659902914,
                0.6528584185770725,
                0.8614183807093847,
                -0.29724660223561694,
                -0.7171696870855673,
                -0.02355451815976988,
                -0.11975469979049365
            ]
        }
    },