{
    "pre_training": {
        "mu": {
            "left": [
                -0.8697199263884459,
                -1.2573589657669153,
                -1.2351814477382914,
                -0.6785543716986726,
                -0.5955426490245795,
                -0.9124097383680451,
                -1.32063244705231,
                -1.190483356518464,
                -1.2745679804783496,
                -0.8994010341269569,
                -0.8358325917823656,
                -0.44263975167217795,
                -0.7994955066581593,
                -1.0436217747912717,
                -1.3203178117196526,
                -0.8200989336135889
            ],
            "right": [
                -0.376229572152011,
                -0.4402568942838999,
                -0.6085275383133304,
                -0.6701354040523664,
                -0.7346429483229133,
                -0.6390555603663027,
                -0.9517569078618516,
                -0.29110089168157427,
                0.2098772305599458,
                0.12008927186068738,
                -0.29936395956702244,
                -0.32638978553987014,
                -1.0105897451655017,
                -0.14310833850821597,
                0.6792504539755968,
                0.2626015322292107
            ]
        },
        "beta": {
            "left": [
                -0.8010940165561264,
                -0.7710690744271452,
                -0.7930213631679459,
                -0.6957752241620608,
                -2.4942915399920498,
                -0.684092098889214,
                -1.0282477131731986,
                -0.8491266202794234,
                -0.8448561641007373,
                -0.8628880771168004,
                -1.0293496959296218,
                -0.665184075833331,
                -0.5305091392313172,
                -0.8566687093636496,
                -0.840513245591558,
                -0.6089235382046648
            ],
            "right": [
                -0.33045629864761455,
                -0.5948076843415444,
                -0.498798020375395,
                -0.7222321537260503,
                0.0696064325743891,
                -0.4505630669169721,
                -1.1316745204529919,
                -0.8982932372086752,
                -0.4565959326191894,
                -0.26016826012944494,
                -0.46597639673767244,
                -0.25066009861542876,
                -0.9225402748261193,
                -0.7674885635632156,
                -0.27324220194298654,
                -0.377001985375509
            ]
        }
    },
    "pre_test": {
        "mu": {
            "left": [
                -1.1418760594380615,
                -1.9069819693001377,
                -1.3190295666430352,
                -1.6375426634713413,
                -1.1377337141789299,
                -1.5616528191156689,
                -2.103065935544069,
                -2.041216874654034,
                -1.6535560662831528,
                -1.6041932789824387,
                -1.6340966480047685,
                -1.3327049914081792,
                -1.8738335371541943,
                -1.893904742701448,
                -1.7754676500889683,
                -1.317699567815256
            ],
            "right": [
                0.5562536005642608,
                0.22829196758722245,
                -0.06424289197772648,
                0.14103891327736234,
                0.20639905450309143,
                -0.21546908843258172,
                -0.36632095381762536,
                0.16928369929064274,
                0.3752458518327226,
                0.42937639353911616,
                0.6156065233672146,
                0.6834540887978302,
                -0.5171555696517143,
                0.21998443140193932,
                0.8061947833957095,
                0.8175071177345101
            ]
        },
        "beta": {
            "left": [
                -0.926321157201787,
                -1.0738841558963146,
                -0.886534307721994,
                -1.0029115916936,
                -1.457974591451237,
                -0.8306936824488225,
                -1.1163509015823334,
                -0.9900153739336213,
                -0.8167902693581266,
                -0.6882241890413032,
                -0.7058876835750707,
                -0.7524407409294182,
                -0.9799817717727384,
                -0.9119827051953027,
                -0.6200245505126716,
                -0.6941517132220141
            ],
            "right": [
                0.5046607393472212,
                -0.14629513747980288,
                -0.214613801021491,
                0.15382587651407573,
                -0.4549785310412483,
                0.0007495957597101778,
                -0.4965586679065841,
                -0.389741891204079,
                -0.270514242808101,
                -0.34217292122956094,
                -0.2786913541615169,
                -0.23186616419133915,
                -0.40643756717553275,
                -0.3583062989949011,
                -0.2738321950951371,
                -0.09842805904183057
            ]
        }
    },
    "post_training": {
        "mu": {
            "left": [
                -0.05785589446064411,
                0.4045019817024353,
                0.6746747011742924,
                0.6417480870622918,
                0.9383269429344827,
                -0.3767774625375578,
                0.0035849385488260863,
                0.21415459073501597,
                0.34956389361494083,
                0.5750820292375989,
                0.5236283365039809,
                1.0280524355144192,
                -0.7158876597779078,
                -0.5326174410124808,
                0.19452001504770444,
                0.6091343721818039
            ],
            "right": [
                -0.018516246033453865,
                -0.20232999123150297,
                -0.18492129035306926,
                -0.1481615307792591,
                0.0918706501680672,
                -0.868079687634154,
                -0.9482437411980472,
                -0.6819327767924106,
                -0.4588613441725528,
                -0.19119968095526754,
                -0.1721779262518032,
                0.22700783119101753,
                -0.7078025275252298,
                -1.0164227486691704,
                -0.24239060118186787,
                0.26110018756336056
            ]
        },
        "beta": {
            "left": [
                0.5678544844450152,
                0.6117312712970417,
                0.6878010856570664,
                0.6989516798182702,
                0.6629652769035527,
                0.875561702498389,
                0.7243052808602878,
                0.632266124156521,
                0.7974528601233277,
                0.7454001103078961,
                0.680616311330901,
                1.667753742589112,
                0.23407997476047654,
                0.6451532556363748,
                1.2208399296708872,
                1.9711253263072146
            ],
            "right": [
                -1.145819822480722,
                -0.21741267126252348,
                -0.19140420008583028,
                -0.14063366561170237,
                0.21138998139647458,
                -0.9729689434932838,
                -0.5193098706891943,
                -0.15977069133193414,
                -0.05639987883350692,
                -0.09174529760492574,
                -0.033012634000269464,
                -0.06739139843791925,
                -0.8778671972434698,
                -0.5487075771377394,
                0.0034277566476445644,
                -0.18010247514727135
            ]
        }
    },